ID,Source IP,Destination IP,Source Port,Destination Port,Session Time,Timestamp,Status,Attack Type,Category,prediction,attack_type,attack_category,Risk,Reason,Steps
1,192.168.1.91,172.16.0.95,31684,123,224,2026-03-12 13:24:14,Attack,neptune,DoS,Attack,neptune,neptune,72,NEPTUNE attack detected from 192.168.1.91 targeting 172.16.0.95.,"['Block source IP 192.168.1.91', 'Restrict port 123', 'Enable rate limiting', 'Configure firewall traffic filtering', 'Activate DDoS protection', 'Monitor network traffic spikes']"
2,192.168.1.189,172.16.0.49,48627,22,8,2026-03-21 18:21:13,Normal,normal,Normal,Normal,normal,normal,92,Normal traffic between 192.168.1.189 and 172.16.0.49.,['No action required. Continue monitoring.']
3,192.168.1.25,172.16.0.178,26678,22,158,2026-03-15 12:6:8,Normal,normal,Normal,Normal,normal,normal,54,Normal traffic between 192.168.1.25 and 172.16.0.178.,['No action required. Continue monitoring.']
4,192.168.1.209,172.16.0.19,25821,53,55,2026-03-27 11:10:41,Attack,smurf,DoS,Attack,smurf,smurf,44,SMURF attack detected from 192.168.1.209 targeting 172.16.0.19.,"['Block source IP 192.168.1.209', 'Restrict port 53', 'Disable ICMP broadcast', 'Enable anti-spoofing protection', 'Configure router filtering rules', 'Drop malformed ICMP packets']"
5,192.168.1.121,172.16.0.31,46834,53,82,2026-03-26 17:38:30,Attack,smurf,DoS,Attack,smurf,smurf,64,SMURF attack detected from 192.168.1.121 targeting 172.16.0.31.,"['Block source IP 192.168.1.121', 'Restrict port 53', 'Disable ICMP broadcast', 'Enable anti-spoofing protection', 'Configure router filtering rules', 'Drop malformed ICMP packets']"
6,192.168.1.241,172.16.0.135,38191,80,128,2026-03-4 3:21:2,Attack,smurf,DoS,Attack,smurf,smurf,75,SMURF attack detected from 192.168.1.241 targeting 172.16.0.135.,"['Block source IP 192.168.1.241', 'Restrict port 80', 'Disable ICMP broadcast', 'Enable anti-spoofing protection', 'Configure router filtering rules', 'Drop malformed ICMP packets']"
7,192.168.1.216,172.16.0.80,32188,123,264,2026-03-13 18:11:22,Attack,guess_passwd,R2L,Attack,guess_passwd,guess_passwd,42,GUESS_PASSWD attack detected from 192.168.1.216 targeting 172.16.0.80.,"['Block source IP 192.168.1.216', 'Restrict port 123', 'Enable account lockout policy', 'Enforce strong password rules', 'Enable multi-factor authentication', 'Monitor failed login attempts']"
8,192.168.1.253,172.16.0.216,12041,22,212,2026-03-8 1:28:13,Attack,smurf,DoS,Attack,smurf,smurf,63,SMURF attack detected from 192.168.1.253 targeting 172.16.0.216.,"['Block source IP 192.168.1.253', 'Restrict port 22', 'Disable ICMP broadcast', 'Enable anti-spoofing protection', 'Configure router filtering rules', 'Drop malformed ICMP packets']"
9,192.168.1.25,172.16.0.37,50628,21,284,2026-03-12 8:55:10,Attack,smurf,DoS,Attack,smurf,smurf,45,SMURF attack detected from 192.168.1.25 targeting 172.16.0.37.,"['Block source IP 192.168.1.25', 'Restrict port 21', 'Disable ICMP broadcast', 'Enable anti-spoofing protection', 'Configure router filtering rules', 'Drop malformed ICMP packets']"
10,192.168.1.128,172.16.0.244,49317,80,300,2026-03-8 21:37:12,Normal,normal,Normal,Normal,normal,normal,51,Normal traffic between 192.168.1.128 and 172.16.0.244.,['No action required. Continue monitoring.']
11,192.168.1.11,172.16.0.100,7227,53,45,2026-03-26 0:58:51,Attack,smurf,DoS,Attack,smurf,smurf,41,SMURF attack detected from 192.168.1.11 targeting 172.16.0.100.,"['Block source IP 192.168.1.11', 'Restrict port 53', 'Disable ICMP broadcast', 'Enable anti-spoofing protection', 'Configure router filtering rules', 'Drop malformed ICMP packets']"
12,192.168.1.106,172.16.0.169,13393,21,123,2026-03-23 22:7:42,Attack,smurf,DoS,Attack,smurf,smurf,45,SMURF attack detected from 192.168.1.106 targeting 172.16.0.169.,"['Block source IP 192.168.1.106', 'Restrict port 21', 'Disable ICMP broadcast', 'Enable anti-spoofing protection', 'Configure router filtering rules', 'Drop malformed ICMP packets']"
13,192.168.1.76,172.16.0.13,9456,123,73,2026-03-3 23:52:9,Attack,smurf,DoS,Attack,smurf,smurf,55,SMURF attack detected from 192.168.1.76 targeting 172.16.0.13.,"['Block source IP 192.168.1.76', 'Restrict port 123', 'Disable ICMP broadcast', 'Enable anti-spoofing protection', 'Configure router filtering rules', 'Drop malformed ICMP packets']"
14,192.168.1.57,172.16.0.247,57533,21,82,2026-03-27 14:28:51,Attack,neptune,DoS,Attack,neptune,neptune,75,NEPTUNE attack detected from 192.168.1.57 targeting 172.16.0.247.,"['Block source IP 192.168.1.57', 'Restrict port 21', 'Enable rate limiting', 'Configure firewall traffic filtering', 'Activate DDoS protection', 'Monitor network traffic spikes']"
15,192.168.1.59,172.16.0.151,47045,53,210,2026-03-11 3:27:19,Attack,smurf,DoS,Attack,smurf,smurf,45,SMURF attack detected from 192.168.1.59 targeting 172.16.0.151.,"['Block source IP 192.168.1.59', 'Restrict port 53', 'Disable ICMP broadcast', 'Enable anti-spoofing protection', 'Configure router filtering rules', 'Drop malformed ICMP packets']"
16,192.168.1.254,172.16.0.38,31184,22,91,2026-03-12 16:18:26,Attack,smurf,DoS,Attack,smurf,smurf,75,SMURF attack detected from 192.168.1.254 targeting 172.16.0.38.,"['Block source IP 192.168.1.254', 'Restrict port 22', 'Disable ICMP broadcast', 'Enable anti-spoofing protection', 'Configure router filtering rules', 'Drop malformed ICMP packets']"
17,192.168.1.157,172.16.0.221,62557,21,256,2026-03-7 8:7:9,Attack,smurf,DoS,Attack,smurf,smurf,45,SMURF attack detected from 192.168.1.157 targeting 172.16.0.221.,"['Block source IP 192.168.1.157', 'Restrict port 21', 'Disable ICMP broadcast', 'Enable anti-spoofing protection', 'Configure router filtering rules', 'Drop malformed ICMP packets']"
18,192.168.1.169,172.16.0.158,41139,123,190,2026-03-7 5:46:53,Attack,smurf,DoS,Attack,smurf,smurf,60,SMURF attack detected from 192.168.1.169 targeting 172.16.0.158.,"['Block source IP 192.168.1.169', 'Restrict port 123', 'Disable ICMP broadcast', 'Enable anti-spoofing protection', 'Configure router filtering rules', 'Drop malformed ICMP packets']"
19,192.168.1.205,172.16.0.28,24750,21,51,2026-03-5 0:23:57,Attack,neptune,DoS,Attack,neptune,neptune,76,NEPTUNE attack detected from 192.168.1.205 targeting 172.16.0.28.,"['Block source IP 192.168.1.205', 'Restrict port 21', 'Enable rate limiting', 'Configure firewall traffic filtering', 'Activate DDoS protection', 'Monitor network traffic spikes']"
20,192.168.1.251,172.16.0.69,16526,21,134,2026-03-24 4:33:1,Attack,neptune,DoS,Attack,neptune,neptune,75,NEPTUNE attack detected from 192.168.1.251 targeting 172.16.0.69.,"['Block source IP 192.168.1.251', 'Restrict port 21', 'Enable rate limiting', 'Configure firewall traffic filtering', 'Activate DDoS protection', 'Monitor network traffic spikes']"
21,192.168.1.1,172.16.0.59,6325,22,261,2026-03-3 15:52:23,Attack,smurf,DoS,Attack,smurf,smurf,53,SMURF attack detected from 192.168.1.1 targeting 172.16.0.59.,"['Block source IP 192.168.1.1', 'Restrict port 22', 'Disable ICMP broadcast', 'Enable anti-spoofing protection', 'Configure router filtering rules', 'Drop malformed ICMP packets']"
22,192.168.1.233,172.16.0.1,61325,80,200,2026-03-8 14:1:30,Normal,normal,Normal,Normal,normal,normal,77,Normal traffic between 192.168.1.233 and 172.16.0.1.,['No action required. Continue monitoring.']
23,192.168.1.178,172.16.0.232,38410,22,31,2026-03-20 0:5:3,Attack,smurf,DoS,Attack,smurf,smurf,76,SMURF attack detected from 192.168.1.178 targeting 172.16.0.232.,"['Block source IP 192.168.1.178', 'Restrict port 22', 'Disable ICMP broadcast', 'Enable anti-spoofing protection', 'Configure router filtering rules', 'Drop malformed ICMP packets']"
24,192.168.1.252,172.16.0.188,15663,80,114,2026-03-13 1:36:2,Attack,neptune,DoS,Attack,neptune,neptune,48,NEPTUNE attack detected from 192.168.1.252 targeting 172.16.0.188.,"['Block source IP 192.168.1.252', 'Restrict port 80', 'Enable rate limiting', 'Configure firewall traffic filtering', 'Activate DDoS protection', 'Monitor network traffic spikes']"
25,192.168.1.119,172.16.0.38,45931,22,107,2026-03-27 15:0:0,Attack,neptune,DoS,Attack,neptune,neptune,75,NEPTUNE attack detected from 192.168.1.119 targeting 172.16.0.38.,"['Block source IP 192.168.1.119', 'Restrict port 22', 'Enable rate limiting', 'Configure firewall traffic filtering', 'Activate DDoS protection', 'Monitor network traffic spikes']"
26,192.168.1.9,172.16.0.149,31612,123,134,2026-03-20 21:25:56,Attack,neptune,DoS,Attack,neptune,neptune,75,NEPTUNE attack detected from 192.168.1.9 targeting 172.16.0.149.,"['Block source IP 192.168.1.9', 'Restrict port 123', 'Enable rate limiting', 'Configure firewall traffic filtering', 'Activate DDoS protection', 'Monitor network traffic spikes']"
27,192.168.1.38,172.16.0.33,17825,53,101,2026-03-1 22:17:47,Attack,smurf,DoS,Attack,smurf,smurf,44,SMURF attack detected from 192.168.1.38 targeting 172.16.0.33.,"['Block source IP 192.168.1.38', 'Restrict port 53', 'Disable ICMP broadcast', 'Enable anti-spoofing protection', 'Configure router filtering rules', 'Drop malformed ICMP packets']"
28,192.168.1.187,172.16.0.11,25567,53,143,2026-03-15 13:51:53,Attack,smurf,DoS,Attack,smurf,smurf,43,SMURF attack detected from 192.168.1.187 targeting 172.16.0.11.,"['Block source IP 192.168.1.187', 'Restrict port 53', 'Disable ICMP broadcast', 'Enable anti-spoofing protection', 'Configure router filtering rules', 'Drop malformed ICMP packets']"
29,192.168.1.16,172.16.0.13,29418,80,57,2026-03-21 20:15:40,Attack,smurf,DoS,Attack,smurf,smurf,76,SMURF attack detected from 192.168.1.16 targeting 172.16.0.13.,"['Block source IP 192.168.1.16', 'Restrict port 80', 'Disable ICMP broadcast', 'Enable anti-spoofing protection', 'Configure router filtering rules', 'Drop malformed ICMP packets']"
30,192.168.1.245,172.16.0.196,35032,22,24,2026-03-11 10:1:4,Attack,smurf,DoS,Attack,smurf,smurf,53,SMURF attack detected from 192.168.1.245 targeting 172.16.0.196.,"['Block source IP 192.168.1.245', 'Restrict port 22', 'Disable ICMP broadcast', 'Enable anti-spoofing protection', 'Configure router filtering rules', 'Drop malformed ICMP packets']"
31,192.168.1.114,172.16.0.99,36369,22,296,2026-03-8 7:21:24,Normal,normal,Normal,Normal,normal,normal,51,Normal traffic between 192.168.1.114 and 172.16.0.99.,['No action required. Continue monitoring.']
32,192.168.1.47,172.16.0.85,17171,80,188,2026-03-15 12:24:21,Normal,normal,Normal,Normal,normal,normal,52,Normal traffic between 192.168.1.47 and 172.16.0.85.,['No action required. Continue monitoring.']
33,192.168.1.151,172.16.0.31,58464,80,207,2026-03-5 19:11:58,Attack,smurf,DoS,Attack,smurf,smurf,44,SMURF attack detected from 192.168.1.151 targeting 172.16.0.31.,"['Block source IP 192.168.1.151', 'Restrict port 80', 'Disable ICMP broadcast', 'Enable anti-spoofing protection', 'Configure router filtering rules', 'Drop malformed ICMP packets']"
34,192.168.1.104,172.16.0.255,55959,22,28,2026-03-3 3:10:25,Attack,smurf,DoS,Attack,smurf,smurf,45,SMURF attack detected from 192.168.1.104 targeting 172.16.0.255.,"['Block source IP 192.168.1.104', 'Restrict port 22', 'Disable ICMP broadcast', 'Enable anti-spoofing protection', 'Configure router filtering rules', 'Drop malformed ICMP packets']"
35,192.168.1.135,172.16.0.185,22271,123,173,2026-03-15 18:30:13,Attack,smurf,DoS,Attack,smurf,smurf,56,SMURF attack detected from 192.168.1.135 targeting 172.16.0.185.,"['Block source IP 192.168.1.135', 'Restrict port 123', 'Disable ICMP broadcast', 'Enable anti-spoofing protection', 'Configure router filtering rules', 'Drop malformed ICMP packets']"
36,192.168.1.241,172.16.0.127,30587,53,188,2026-03-25 20:48:45,Attack,smurf,DoS,Attack,smurf,smurf,75,SMURF attack detected from 192.168.1.241 targeting 172.16.0.127.,"['Block source IP 192.168.1.241', 'Restrict port 53', 'Disable ICMP broadcast', 'Enable anti-spoofing protection', 'Configure router filtering rules', 'Drop malformed ICMP packets']"
37,192.168.1.126,172.16.0.247,29590,22,120,2026-03-22 9:57:35,Attack,smurf,DoS,Attack,smurf,smurf,77,SMURF attack detected from 192.168.1.126 targeting 172.16.0.247.,"['Block source IP 192.168.1.126', 'Restrict port 22', 'Disable ICMP broadcast', 'Enable anti-spoofing protection', 'Configure router filtering rules', 'Drop malformed ICMP packets']"
38,192.168.1.91,172.16.0.105,53220,80,48,2026-03-20 10:32:47,Attack,smurf,DoS,Attack,smurf,smurf,76,SMURF attack detected from 192.168.1.91 targeting 172.16.0.105.,"['Block source IP 192.168.1.91', 'Restrict port 80', 'Disable ICMP broadcast', 'Enable anti-spoofing protection', 'Configure router filtering rules', 'Drop malformed ICMP packets']"
39,192.168.1.229,172.16.0.187,14970,22,142,2026-03-23 15:33:0,Attack,smurf,DoS,Attack,smurf,smurf,56,SMURF attack detected from 192.168.1.229 targeting 172.16.0.187.,"['Block source IP 192.168.1.229', 'Restrict port 22', 'Disable ICMP broadcast', 'Enable anti-spoofing protection', 'Configure router filtering rules', 'Drop malformed ICMP packets']"
40,192.168.1.40,172.16.0.197,24893,53,68,2026-03-22 17:15:26,Attack,neptune,DoS,Attack,neptune,neptune,75,NEPTUNE attack detected from 192.168.1.40 targeting 172.16.0.197.,"['Block source IP 192.168.1.40', 'Restrict port 53', 'Enable rate limiting', 'Configure firewall traffic filtering', 'Activate DDoS protection', 'Monitor network traffic spikes']"
41,192.168.1.84,172.16.0.234,27384,22,261,2026-03-1 15:50:18,Attack,neptune,DoS,Attack,neptune,neptune,74,NEPTUNE attack detected from 192.168.1.84 targeting 172.16.0.234.,"['Block source IP 192.168.1.84', 'Restrict port 22', 'Enable rate limiting', 'Configure firewall traffic filtering', 'Activate DDoS protection', 'Monitor network traffic spikes']"
42,192.168.1.155,172.16.0.36,16155,53,288,2026-03-21 4:32:41,Attack,smurf,DoS,Attack,smurf,smurf,44,SMURF attack detected from 192.168.1.155 targeting 172.16.0.36.,"['Block source IP 192.168.1.155', 'Restrict port 53', 'Disable ICMP broadcast', 'Enable anti-spoofing protection', 'Configure router filtering rules', 'Drop malformed ICMP packets']"
43,192.168.1.248,172.16.0.69,46214,22,138,2026-03-21 3:40:26,Normal,normal,Normal,Normal,normal,normal,57,Normal traffic between 192.168.1.248 and 172.16.0.69.,['No action required. Continue monitoring.']
44,192.168.1.198,172.16.0.6,43787,80,210,2026-03-19 7:5:27,Normal,normal,Normal,Normal,normal,normal,53,Normal traffic between 192.168.1.198 and 172.16.0.6.,['No action required. Continue monitoring.']
45,192.168.1.157,172.16.0.213,2989,80,137,2026-03-9 11:57:30,Attack,smurf,DoS,Attack,smurf,smurf,75,SMURF attack detected from 192.168.1.157 targeting 172.16.0.213.,"['Block source IP 192.168.1.157', 'Restrict port 80', 'Disable ICMP broadcast', 'Enable anti-spoofing protection', 'Configure router filtering rules', 'Drop malformed ICMP packets']"
46,192.168.1.219,172.16.0.177,17337,80,219,2026-03-7 19:41:16,Attack,smurf,DoS,Attack,smurf,smurf,76,SMURF attack detected from 192.168.1.219 targeting 172.16.0.177.,"['Block source IP 192.168.1.219', 'Restrict port 80', 'Disable ICMP broadcast', 'Enable anti-spoofing protection', 'Configure router filtering rules', 'Drop malformed ICMP packets']"
47,192.168.1.65,172.16.0.157,30484,123,151,2026-03-14 1:41:12,Normal,normal,Normal,Normal,normal,normal,52,Normal traffic between 192.168.1.65 and 172.16.0.157.,['No action required. Continue monitoring.']
48,192.168.1.210,172.16.0.18,52269,123,269,2026-03-23 4:10:29,Normal,normal,Normal,Normal,normal,normal,66,Normal traffic between 192.168.1.210 and 172.16.0.18.,['No action required. Continue monitoring.']
49,192.168.1.250,172.16.0.56,47175,123,254,2026-03-25 7:59:39,Attack,smurf,DoS,Attack,smurf,smurf,76,SMURF attack detected from 192.168.1.250 targeting 172.16.0.56.,"['Block source IP 192.168.1.250', 'Restrict port 123', 'Disable ICMP broadcast', 'Enable anti-spoofing protection', 'Configure router filtering rules', 'Drop malformed ICMP packets']"
50,192.168.1.158,172.16.0.150,58243,123,265,2026-03-26 7:11:6,Attack,neptune,DoS,Attack,neptune,neptune,75,NEPTUNE attack detected from 192.168.1.158 targeting 172.16.0.150.,"['Block source IP 192.168.1.158', 'Restrict port 123', 'Enable rate limiting', 'Configure firewall traffic filtering', 'Activate DDoS protection', 'Monitor network traffic spikes']"
51,192.168.1.133,172.16.0.250,57285,21,116,2026-03-5 8:8:17,Attack,smurf,DoS,Attack,smurf,smurf,54,SMURF attack detected from 192.168.1.133 targeting 172.16.0.250.,"['Block source IP 192.168.1.133', 'Restrict port 21', 'Disable ICMP broadcast', 'Enable anti-spoofing protection', 'Configure router filtering rules', 'Drop malformed ICMP packets']"
52,192.168.1.50,172.16.0.113,40175,53,285,2026-03-4 11:58:28,Attack,smurf,DoS,Attack,smurf,smurf,75,SMURF attack detected from 192.168.1.50 targeting 172.16.0.113.,"['Block source IP 192.168.1.50', 'Restrict port 53', 'Disable ICMP broadcast', 'Enable anti-spoofing protection', 'Configure router filtering rules', 'Drop malformed ICMP packets']"
53,192.168.1.63,172.16.0.59,34269,53,20,2026-03-1 11:41:36,Normal,normal,Normal,Normal,normal,normal,91,Normal traffic between 192.168.1.63 and 172.16.0.59.,['No action required. Continue monitoring.']
54,192.168.1.85,172.16.0.89,3549,22,106,2026-03-8 3:11:55,Attack,smurf,DoS,Attack,smurf,smurf,76,SMURF attack detected from 192.168.1.85 targeting 172.16.0.89.,"['Block source IP 192.168.1.85', 'Restrict port 22', 'Disable ICMP broadcast', 'Enable anti-spoofing protection', 'Configure router filtering rules', 'Drop malformed ICMP packets']"
55,192.168.1.98,172.16.0.5,34498,22,154,2026-03-13 22:37:10,Attack,smurf,DoS,Attack,smurf,smurf,76,SMURF attack detected from 192.168.1.98 targeting 172.16.0.5.,"['Block source IP 192.168.1.98', 'Restrict port 22', 'Disable ICMP broadcast', 'Enable anti-spoofing protection', 'Configure router filtering rules', 'Drop malformed ICMP packets']"
56,192.168.1.237,172.16.0.172,51644,22,105,2026-03-19 11:32:44,Attack,neptune,DoS,Attack,neptune,neptune,75,NEPTUNE attack detected from 192.168.1.237 targeting 172.16.0.172.,"['Block source IP 192.168.1.237', 'Restrict port 22', 'Enable rate limiting', 'Configure firewall traffic filtering', 'Activate DDoS protection', 'Monitor network traffic spikes']"
57,192.168.1.152,172.16.0.43,31821,123,45,2026-03-3 13:47:31,Attack,smurf,DoS,Attack,smurf,smurf,77,SMURF attack detected from 192.168.1.152 targeting 172.16.0.43.,"['Block source IP 192.168.1.152', 'Restrict port 123', 'Disable ICMP broadcast', 'Enable anti-spoofing protection', 'Configure router filtering rules', 'Drop malformed ICMP packets']"
58,192.168.1.174,172.16.0.231,47801,53,265,2026-03-12 19:59:56,Attack,smurf,DoS,Attack,smurf,smurf,46,SMURF attack detected from 192.168.1.174 targeting 172.16.0.231.,"['Block source IP 192.168.1.174', 'Restrict port 53', 'Disable ICMP broadcast', 'Enable anti-spoofing protection', 'Configure router filtering rules', 'Drop malformed ICMP packets']"
59,192.168.1.170,172.16.0.135,41867,22,58,2026-03-19 3:16:27,Attack,smurf,DoS,Attack,smurf,smurf,73,SMURF attack detected from 192.168.1.170 targeting 172.16.0.135.,"['Block source IP 192.168.1.170', 'Restrict port 22', 'Disable ICMP broadcast', 'Enable anti-spoofing protection', 'Configure router filtering rules', 'Drop malformed ICMP packets']"
60,192.168.1.32,172.16.0.205,44274,53,20,2026-03-11 15:24:11,Attack,neptune,DoS,Attack,neptune,neptune,75,NEPTUNE attack detected from 192.168.1.32 targeting 172.16.0.205.,"['Block source IP 192.168.1.32', 'Restrict port 53', 'Enable rate limiting', 'Configure firewall traffic filtering', 'Activate DDoS protection', 'Monitor network traffic spikes']"
61,192.168.1.245,172.16.0.252,54823,53,20,2026-03-15 19:47:56,Attack,smurf,DoS,Attack,smurf,smurf,53,SMURF attack detected from 192.168.1.245 targeting 172.16.0.252.,"['Block source IP 192.168.1.245', 'Restrict port 53', 'Disable ICMP broadcast', 'Enable anti-spoofing protection', 'Configure router filtering rules', 'Drop malformed ICMP packets']"
62,192.168.1.170,172.16.0.22,63068,123,211,2026-03-14 12:31:20,Attack,neptune,DoS,Attack,neptune,neptune,39,NEPTUNE attack detected from 192.168.1.170 targeting 172.16.0.22.,"['Block source IP 192.168.1.170', 'Restrict port 123', 'Enable rate limiting', 'Configure firewall traffic filtering', 'Activate DDoS protection', 'Monitor network traffic spikes']"
63,192.168.1.33,172.16.0.242,14592,21,142,2026-03-2 4:51:25,Normal,normal,Normal,Normal,normal,normal,80,Normal traffic between 192.168.1.33 and 172.16.0.242.,['No action required. Continue monitoring.']
64,192.168.1.5,172.16.0.230,24833,80,275,2026-03-17 20:44:57,Normal,normal,Normal,Normal,normal,normal,54,Normal traffic between 192.168.1.5 and 172.16.0.230.,['No action required. Continue monitoring.']
65,192.168.1.69,172.16.0.37,7059,53,159,2026-03-24 20:7:34,Normal,normal,Normal,Normal,normal,normal,89,Normal traffic between 192.168.1.69 and 172.16.0.37.,['No action required. Continue monitoring.']
66,192.168.1.82,172.16.0.10,52713,123,181,2026-03-26 3:7:5,Attack,smurf,DoS,Attack,smurf,smurf,76,SMURF attack detected from 192.168.1.82 targeting 172.16.0.10.,"['Block source IP 192.168.1.82', 'Restrict port 123', 'Disable ICMP broadcast', 'Enable anti-spoofing protection', 'Configure router filtering rules', 'Drop malformed ICMP packets']"
67,192.168.1.120,172.16.0.227,8640,21,107,2026-03-1 6:44:52,Normal,normal,Normal,Normal,normal,normal,51,Normal traffic between 192.168.1.120 and 172.16.0.227.,['No action required. Continue monitoring.']
68,192.168.1.65,172.16.0.245,16161,21,14,2026-03-2 6:47:39,Attack,smurf,DoS,Attack,smurf,smurf,72,SMURF attack detected from 192.168.1.65 targeting 172.16.0.245.,"['Block source IP 192.168.1.65', 'Restrict port 21', 'Disable ICMP broadcast', 'Enable anti-spoofing protection', 'Configure router filtering rules', 'Drop malformed ICMP packets']"
69,192.168.1.52,172.16.0.244,58428,123,5,2026-03-15 13:38:1,Attack,neptune,DoS,Attack,neptune,neptune,75,NEPTUNE attack detected from 192.168.1.52 targeting 172.16.0.244.,"['Block source IP 192.168.1.52', 'Restrict port 123', 'Enable rate limiting', 'Configure firewall traffic filtering', 'Activate DDoS protection', 'Monitor network traffic spikes']"
70,192.168.1.154,172.16.0.156,37375,22,223,2026-03-17 4:51:0,Attack,smurf,DoS,Attack,smurf,smurf,66,SMURF attack detected from 192.168.1.154 targeting 172.16.0.156.,"['Block source IP 192.168.1.154', 'Restrict port 22', 'Disable ICMP broadcast', 'Enable anti-spoofing protection', 'Configure router filtering rules', 'Drop malformed ICMP packets']"
71,192.168.1.216,172.16.0.220,20260,53,74,2026-03-12 2:56:23,Attack,smurf,DoS,Attack,smurf,smurf,45,SMURF attack detected from 192.168.1.216 targeting 172.16.0.220.,"['Block source IP 192.168.1.216', 'Restrict port 53', 'Disable ICMP broadcast', 'Enable anti-spoofing protection', 'Configure router filtering rules', 'Drop malformed ICMP packets']"
72,192.168.1.161,172.16.0.2,60851,80,279,2026-03-11 7:9:25,Attack,smurf,DoS,Attack,smurf,smurf,66,SMURF attack detected from 192.168.1.161 targeting 172.16.0.2.,"['Block source IP 192.168.1.161', 'Restrict port 80', 'Disable ICMP broadcast', 'Enable anti-spoofing protection', 'Configure router filtering rules', 'Drop malformed ICMP packets']"
73,192.168.1.231,172.16.0.176,44493,53,250,2026-03-1 15:57:31,Attack,smurf,DoS,Attack,smurf,smurf,43,SMURF attack detected from 192.168.1.231 targeting 172.16.0.176.,"['Block source IP 192.168.1.231', 'Restrict port 53', 'Disable ICMP broadcast', 'Enable anti-spoofing protection', 'Configure router filtering rules', 'Drop malformed ICMP packets']"
74,192.168.1.105,172.16.0.91,24649,123,261,2026-03-8 14:33:1,Normal,normal,Normal,Normal,normal,normal,53,Normal traffic between 192.168.1.105 and 172.16.0.91.,['No action required. Continue monitoring.']
75,192.168.1.70,172.16.0.115,32727,80,65,2026-03-13 14:19:30,Attack,smurf,DoS,Attack,smurf,smurf,54,SMURF attack detected from 192.168.1.70 targeting 172.16.0.115.,"['Block source IP 192.168.1.70', 'Restrict port 80', 'Disable ICMP broadcast', 'Enable anti-spoofing protection', 'Configure router filtering rules', 'Drop malformed ICMP packets']"
76,192.168.1.168,172.16.0.165,61974,53,223,2026-03-1 18:24:1,Attack,smurf,DoS,Attack,smurf,smurf,75,SMURF attack detected from 192.168.1.168 targeting 172.16.0.165.,"['Block source IP 192.168.1.168', 'Restrict port 53', 'Disable ICMP broadcast', 'Enable anti-spoofing protection', 'Configure router filtering rules', 'Drop malformed ICMP packets']"
77,192.168.1.36,172.16.0.153,60353,53,39,2026-03-13 13:19:37,Normal,normal,Normal,Normal,normal,normal,83,Normal traffic between 192.168.1.36 and 172.16.0.153.,['No action required. Continue monitoring.']
78,192.168.1.126,172.16.0.3,46050,53,279,2026-03-18 0:21:42,Attack,smurf,DoS,Attack,smurf,smurf,76,SMURF attack detected from 192.168.1.126 targeting 172.16.0.3.,"['Block source IP 192.168.1.126', 'Restrict port 53', 'Disable ICMP broadcast', 'Enable anti-spoofing protection', 'Configure router filtering rules', 'Drop malformed ICMP packets']"
79,192.168.1.177,172.16.0.135,10101,21,34,2026-03-10 0:43:10,Attack,smurf,DoS,Attack,smurf,smurf,76,SMURF attack detected from 192.168.1.177 targeting 172.16.0.135.,"['Block source IP 192.168.1.177', 'Restrict port 21', 'Disable ICMP broadcast', 'Enable anti-spoofing protection', 'Configure router filtering rules', 'Drop malformed ICMP packets']"
80,192.168.1.156,172.16.0.79,22685,22,127,2026-03-23 10:37:36,Attack,smurf,DoS,Attack,smurf,smurf,75,SMURF attack detected from 192.168.1.156 targeting 172.16.0.79.,"['Block source IP 192.168.1.156', 'Restrict port 22', 'Disable ICMP broadcast', 'Enable anti-spoofing protection', 'Configure router filtering rules', 'Drop malformed ICMP packets']"
81,192.168.1.50,172.16.0.173,4222,21,271,2026-03-14 5:5:14,Normal,normal,Normal,Normal,normal,normal,83,Normal traffic between 192.168.1.50 and 172.16.0.173.,['No action required. Continue monitoring.']
82,192.168.1.239,172.16.0.96,5893,22,67,2026-03-20 20:59:4,Attack,neptune,DoS,Attack,neptune,neptune,75,NEPTUNE attack detected from 192.168.1.239 targeting 172.16.0.96.,"['Block source IP 192.168.1.239', 'Restrict port 22', 'Enable rate limiting', 'Configure firewall traffic filtering', 'Activate DDoS protection', 'Monitor network traffic spikes']"
83,192.168.1.159,172.16.0.210,47410,21,18,2026-03-26 22:31:2,Normal,normal,Normal,Normal,normal,normal,91,Normal traffic between 192.168.1.159 and 172.16.0.210.,['No action required. Continue monitoring.']
84,192.168.1.127,172.16.0.124,10769,53,161,2026-03-13 14:30:25,Attack,smurf,DoS,Attack,smurf,smurf,75,SMURF attack detected from 192.168.1.127 targeting 172.16.0.124.,"['Block source IP 192.168.1.127', 'Restrict port 53', 'Disable ICMP broadcast', 'Enable anti-spoofing protection', 'Configure router filtering rules', 'Drop malformed ICMP packets']"
85,192.168.1.206,172.16.0.207,14538,53,11,2026-03-4 11:38:7,Attack,smurf,DoS,Attack,smurf,smurf,62,SMURF attack detected from 192.168.1.206 targeting 172.16.0.207.,"['Block source IP 192.168.1.206', 'Restrict port 53', 'Disable ICMP broadcast', 'Enable anti-spoofing protection', 'Configure router filtering rules', 'Drop malformed ICMP packets']"
86,192.168.1.88,172.16.0.9,18740,22,230,2026-03-5 13:10:54,Attack,neptune,DoS,Attack,neptune,neptune,40,NEPTUNE attack detected from 192.168.1.88 targeting 172.16.0.9.,"['Block source IP 192.168.1.88', 'Restrict port 22', 'Enable rate limiting', 'Configure firewall traffic filtering', 'Activate DDoS protection', 'Monitor network traffic spikes']"
87,192.168.1.39,172.16.0.119,45868,53,234,2026-03-22 9:52:26,Attack,smurf,DoS,Attack,smurf,smurf,75,SMURF attack detected from 192.168.1.39 targeting 172.16.0.119.,"['Block source IP 192.168.1.39', 'Restrict port 53', 'Disable ICMP broadcast', 'Enable anti-spoofing protection', 'Configure router filtering rules', 'Drop malformed ICMP packets']"
88,192.168.1.82,172.16.0.184,35852,80,103,2026-03-19 8:20:12,Normal,normal,Normal,Normal,normal,normal,77,Normal traffic between 192.168.1.82 and 172.16.0.184.,['No action required. Continue monitoring.']
89,192.168.1.243,172.16.0.103,64110,80,162,2026-03-4 20:49:47,Attack,smurf,DoS,Attack,smurf,smurf,49,SMURF attack detected from 192.168.1.243 targeting 172.16.0.103.,"['Block source IP 192.168.1.243', 'Restrict port 80', 'Disable ICMP broadcast', 'Enable anti-spoofing protection', 'Configure router filtering rules', 'Drop malformed ICMP packets']"
90,192.168.1.198,172.16.0.16,44989,22,32,2026-03-4 2:42:15,Attack,neptune,DoS,Attack,neptune,neptune,74,NEPTUNE attack detected from 192.168.1.198 targeting 172.16.0.16.,"['Block source IP 192.168.1.198', 'Restrict port 22', 'Enable rate limiting', 'Configure firewall traffic filtering', 'Activate DDoS protection', 'Monitor network traffic spikes']"
91,192.168.1.19,172.16.0.59,25767,123,117,2026-03-17 6:22:53,Normal,normal,Normal,Normal,normal,normal,51,Normal traffic between 192.168.1.19 and 172.16.0.59.,['No action required. Continue monitoring.']
92,192.168.1.89,172.16.0.207,8185,22,34,2026-03-10 3:7:40,Attack,smurf,DoS,Attack,smurf,smurf,77,SMURF attack detected from 192.168.1.89 targeting 172.16.0.207.,"['Block source IP 192.168.1.89', 'Restrict port 22', 'Disable ICMP broadcast', 'Enable anti-spoofing protection', 'Configure router filtering rules', 'Drop malformed ICMP packets']"
93,192.168.1.75,172.16.0.236,12626,123,92,2026-03-4 10:50:24,Attack,smurf,DoS,Attack,smurf,smurf,74,SMURF attack detected from 192.168.1.75 targeting 172.16.0.236.,"['Block source IP 192.168.1.75', 'Restrict port 123', 'Disable ICMP broadcast', 'Enable anti-spoofing protection', 'Configure router filtering rules', 'Drop malformed ICMP packets']"
94,192.168.1.154,172.16.0.60,50147,123,268,2026-03-26 15:22:25,Normal,normal,Normal,Normal,normal,normal,90,Normal traffic between 192.168.1.154 and 172.16.0.60.,['No action required. Continue monitoring.']
95,192.168.1.196,172.16.0.221,24059,123,86,2026-03-5 4:3:6,Normal,normal,Normal,Normal,normal,normal,89,Normal traffic between 192.168.1.196 and 172.16.0.221.,['No action required. Continue monitoring.']
96,192.168.1.71,172.16.0.65,15174,22,158,2026-03-5 13:21:41,Attack,smurf,DoS,Attack,smurf,smurf,45,SMURF attack detected from 192.168.1.71 targeting 172.16.0.65.,"['Block source IP 192.168.1.71', 'Restrict port 22', 'Disable ICMP broadcast', 'Enable anti-spoofing protection', 'Configure router filtering rules', 'Drop malformed ICMP packets']"
97,192.168.1.190,172.16.0.188,26409,80,294,2026-03-5 20:40:11,Attack,smurf,DoS,Attack,smurf,smurf,46,SMURF attack detected from 192.168.1.190 targeting 172.16.0.188.,"['Block source IP 192.168.1.190', 'Restrict port 80', 'Disable ICMP broadcast', 'Enable anti-spoofing protection', 'Configure router filtering rules', 'Drop malformed ICMP packets']"
98,192.168.1.164,172.16.0.90,1091,22,27,2026-03-1 13:56:54,Normal,normal,Normal,Normal,normal,normal,51,Normal traffic between 192.168.1.164 and 172.16.0.90.,['No action required. Continue monitoring.']
99,192.168.1.19,172.16.0.62,17191,21,163,2026-03-3 8:23:32,Normal,normal,Normal,Normal,normal,normal,72,Normal traffic between 192.168.1.19 and 172.16.0.62.,['No action required. Continue monitoring.']
100,192.168.1.63,172.16.0.182,56939,123,16,2026-03-19 15:26:10,Attack,smurf,DoS,Attack,smurf,smurf,77,SMURF attack detected from 192.168.1.63 targeting 172.16.0.182.,"['Block source IP 192.168.1.63', 'Restrict port 123', 'Disable ICMP broadcast', 'Enable anti-spoofing protection', 'Configure router filtering rules', 'Drop malformed ICMP packets']"
101,192.168.1.85,172.16.0.179,45145,53,296,2026-03-8 16:0:59,Normal,normal,Normal,Normal,normal,normal,85,Normal traffic between 192.168.1.85 and 172.16.0.179.,['No action required. Continue monitoring.']
102,192.168.1.37,172.16.0.252,26421,123,175,2026-03-20 6:38:17,Normal,normal,Normal,Normal,normal,normal,57,Normal traffic between 192.168.1.37 and 172.16.0.252.,['No action required. Continue monitoring.']
103,192.168.1.168,172.16.0.29,2939,123,23,2026-03-21 6:41:18,Attack,smurf,DoS,Attack,smurf,smurf,76,SMURF attack detected from 192.168.1.168 targeting 172.16.0.29.,"['Block source IP 192.168.1.168', 'Restrict port 123', 'Disable ICMP broadcast', 'Enable anti-spoofing protection', 'Configure router filtering rules', 'Drop malformed ICMP packets']"
104,192.168.1.88,172.16.0.43,30543,123,92,2026-03-13 0:43:28,Attack,smurf,DoS,Attack,smurf,smurf,76,SMURF attack detected from 192.168.1.88 targeting 172.16.0.43.,"['Block source IP 192.168.1.88', 'Restrict port 123', 'Disable ICMP broadcast', 'Enable anti-spoofing protection', 'Configure router filtering rules', 'Drop malformed ICMP packets']"
105,192.168.1.12,172.16.0.109,6224,21,239,2026-03-8 4:35:50,Attack,smurf,DoS,Attack,smurf,smurf,55,SMURF attack detected from 192.168.1.12 targeting 172.16.0.109.,"['Block source IP 192.168.1.12', 'Restrict port 21', 'Disable ICMP broadcast', 'Enable anti-spoofing protection', 'Configure router filtering rules', 'Drop malformed ICMP packets']"
106,192.168.1.88,172.16.0.142,52796,80,275,2026-03-27 3:8:15,Attack,smurf,DoS,Attack,smurf,smurf,54,SMURF attack detected from 192.168.1.88 targeting 172.16.0.142.,"['Block source IP 192.168.1.88', 'Restrict port 80', 'Disable ICMP broadcast', 'Enable anti-spoofing protection', 'Configure router filtering rules', 'Drop malformed ICMP packets']"
107,192.168.1.55,172.16.0.3,31857,22,227,2026-03-7 16:4:24,Normal,normal,Normal,Normal,normal,normal,61,Normal traffic between 192.168.1.55 and 172.16.0.3.,['No action required. Continue monitoring.']
108,192.168.1.125,172.16.0.54,23631,22,154,2026-03-12 21:40:53,Attack,neptune,DoS,Attack,neptune,neptune,75,NEPTUNE attack detected from 192.168.1.125 targeting 172.16.0.54.,"['Block source IP 192.168.1.125', 'Restrict port 22', 'Enable rate limiting', 'Configure firewall traffic filtering', 'Activate DDoS protection', 'Monitor network traffic spikes']"
109,192.168.1.92,172.16.0.94,2181,123,262,2026-03-1 22:43:48,Attack,smurf,DoS,Attack,smurf,smurf,75,SMURF attack detected from 192.168.1.92 targeting 172.16.0.94.,"['Block source IP 192.168.1.92', 'Restrict port 123', 'Disable ICMP broadcast', 'Enable anti-spoofing protection', 'Configure router filtering rules', 'Drop malformed ICMP packets']"
110,192.168.1.127,172.16.0.176,63405,22,292,2026-03-13 10:41:17,Attack,smurf,DoS,Attack,smurf,smurf,76,SMURF attack detected from 192.168.1.127 targeting 172.16.0.176.,"['Block source IP 192.168.1.127', 'Restrict port 22', 'Disable ICMP broadcast', 'Enable anti-spoofing protection', 'Configure router filtering rules', 'Drop malformed ICMP packets']"
111,192.168.1.168,172.16.0.45,64645,53,142,2026-03-16 1:5:36,Attack,neptune,DoS,Attack,neptune,neptune,39,NEPTUNE attack detected from 192.168.1.168 targeting 172.16.0.45.,"['Block source IP 192.168.1.168', 'Restrict port 53', 'Enable rate limiting', 'Configure firewall traffic filtering', 'Activate DDoS protection', 'Monitor network traffic spikes']"
112,192.168.1.176,172.16.0.77,20048,22,115,2026-03-26 16:8:24,Normal,normal,Normal,Normal,normal,normal,81,Normal traffic between 192.168.1.176 and 172.16.0.77.,['No action required. Continue monitoring.']
113,192.168.1.189,172.16.0.146,61201,21,38,2026-03-18 2:25:59,Attack,smurf,DoS,Attack,smurf,smurf,42,SMURF attack detected from 192.168.1.189 targeting 172.16.0.146.,"['Block source IP 192.168.1.189', 'Restrict port 21', 'Disable ICMP broadcast', 'Enable anti-spoofing protection', 'Configure router filtering rules', 'Drop malformed ICMP packets']"
114,192.168.1.228,172.16.0.148,20260,21,92,2026-03-1 9:52:56,Attack,smurf,DoS,Attack,smurf,smurf,75,SMURF attack detected from 192.168.1.228 targeting 172.16.0.148.,"['Block source IP 192.168.1.228', 'Restrict port 21', 'Disable ICMP broadcast', 'Enable anti-spoofing protection', 'Configure router filtering rules', 'Drop malformed ICMP packets']"
115,192.168.1.8,172.16.0.247,22869,53,143,2026-03-1 11:7:30,Attack,neptune,DoS,Attack,neptune,neptune,76,NEPTUNE attack detected from 192.168.1.8 targeting 172.16.0.247.,"['Block source IP 192.168.1.8', 'Restrict port 53', 'Enable rate limiting', 'Configure firewall traffic filtering', 'Activate DDoS protection', 'Monitor network traffic spikes']"
116,192.168.1.115,172.16.0.22,57445,123,4,2026-03-28 8:40:47,Attack,smurf,DoS,Attack,smurf,smurf,76,SMURF attack detected from 192.168.1.115 targeting 172.16.0.22.,"['Block source IP 192.168.1.115', 'Restrict port 123', 'Disable ICMP broadcast', 'Enable anti-spoofing protection', 'Configure router filtering rules', 'Drop malformed ICMP packets']"
117,192.168.1.248,172.16.0.163,15384,22,74,2026-03-4 10:5:0,Attack,neptune,DoS,Attack,neptune,neptune,75,NEPTUNE attack detected from 192.168.1.248 targeting 172.16.0.163.,"['Block source IP 192.168.1.248', 'Restrict port 22', 'Enable rate limiting', 'Configure firewall traffic filtering', 'Activate DDoS protection', 'Monitor network traffic spikes']"
118,192.168.1.84,172.16.0.90,50418,80,249,2026-03-10 1:26:48,Normal,normal,Normal,Normal,normal,normal,89,Normal traffic between 192.168.1.84 and 172.16.0.90.,['No action required. Continue monitoring.']
119,192.168.1.233,172.16.0.125,15289,80,186,2026-03-9 11:22:38,Attack,smurf,DoS,Attack,smurf,smurf,44,SMURF attack detected from 192.168.1.233 targeting 172.16.0.125.,"['Block source IP 192.168.1.233', 'Restrict port 80', 'Disable ICMP broadcast', 'Enable anti-spoofing protection', 'Configure router filtering rules', 'Drop malformed ICMP packets']"
120,192.168.1.172,172.16.0.79,42843,21,134,2026-03-11 2:36:31,Normal,normal,Normal,Normal,normal,normal,79,Normal traffic between 192.168.1.172 and 172.16.0.79.,['No action required. Continue monitoring.']
121,192.168.1.119,172.16.0.108,60112,22,112,2026-03-13 6:18:41,Normal,normal,Normal,Normal,normal,normal,52,Normal traffic between 192.168.1.119 and 172.16.0.108.,['No action required. Continue monitoring.']
122,192.168.1.31,172.16.0.32,54918,21,100,2026-03-5 11:11:2,Attack,smurf,DoS,Attack,smurf,smurf,54,SMURF attack detected from 192.168.1.31 targeting 172.16.0.32.,"['Block source IP 192.168.1.31', 'Restrict port 21', 'Disable ICMP broadcast', 'Enable anti-spoofing protection', 'Configure router filtering rules', 'Drop malformed ICMP packets']"
123,192.168.1.135,172.16.0.220,40998,22,32,2026-03-13 1:40:56,Attack,smurf,DoS,Attack,smurf,smurf,46,SMURF attack detected from 192.168.1.135 targeting 172.16.0.220.,"['Block source IP 192.168.1.135', 'Restrict port 22', 'Disable ICMP broadcast', 'Enable anti-spoofing protection', 'Configure router filtering rules', 'Drop malformed ICMP packets']"
124,192.168.1.18,172.16.0.247,40772,21,126,2026-03-2 13:41:25,Attack,smurf,DoS,Attack,smurf,smurf,45,SMURF attack detected from 192.168.1.18 targeting 172.16.0.247.,"['Block source IP 192.168.1.18', 'Restrict port 21', 'Disable ICMP broadcast', 'Enable anti-spoofing protection', 'Configure router filtering rules', 'Drop malformed ICMP packets']"
125,192.168.1.116,172.16.0.6,2986,123,222,2026-03-23 22:7:4,Normal,normal,Normal,Normal,normal,normal,84,Normal traffic between 192.168.1.116 and 172.16.0.6.,['No action required. Continue monitoring.']
126,192.168.1.76,172.16.0.56,19851,80,99,2026-03-3 16:22:10,Normal,normal,Normal,Normal,normal,normal,52,Normal traffic between 192.168.1.76 and 172.16.0.56.,['No action required. Continue monitoring.']
127,192.168.1.202,172.16.0.103,10890,22,55,2026-03-8 2:2:50,Attack,smurf,DoS,Attack,smurf,smurf,44,SMURF attack detected from 192.168.1.202 targeting 172.16.0.103.,"['Block source IP 192.168.1.202', 'Restrict port 22', 'Disable ICMP broadcast', 'Enable anti-spoofing protection', 'Configure router filtering rules', 'Drop malformed ICMP packets']"
128,192.168.1.8,172.16.0.38,23300,123,251,2026-03-18 20:54:11,Attack,smurf,DoS,Attack,smurf,smurf,74,SMURF attack detected from 192.168.1.8 targeting 172.16.0.38.,"['Block source IP 192.168.1.8', 'Restrict port 123', 'Disable ICMP broadcast', 'Enable anti-spoofing protection', 'Configure router filtering rules', 'Drop malformed ICMP packets']"
129,192.168.1.111,172.16.0.189,52181,22,216,2026-03-15 16:38:19,Attack,guess_passwd,R2L,Attack,guess_passwd,guess_passwd,42,GUESS_PASSWD attack detected from 192.168.1.111 targeting 172.16.0.189.,"['Block source IP 192.168.1.111', 'Restrict port 22', 'Enable account lockout policy', 'Enforce strong password rules', 'Enable multi-factor authentication', 'Monitor failed login attempts']"
130,192.168.1.183,172.16.0.30,21507,22,242,2026-03-24 0:15:27,Normal,normal,Normal,Normal,normal,normal,52,Normal traffic between 192.168.1.183 and 172.16.0.30.,['No action required. Continue monitoring.']
131,192.168.1.156,172.16.0.96,29627,53,115,2026-03-22 3:7:31,Attack,smurf,DoS,Attack,smurf,smurf,75,SMURF attack detected from 192.168.1.156 targeting 172.16.0.96.,"['Block source IP 192.168.1.156', 'Restrict port 53', 'Disable ICMP broadcast', 'Enable anti-spoofing protection', 'Configure router filtering rules', 'Drop malformed ICMP packets']"
132,192.168.1.180,172.16.0.48,11115,21,82,2026-03-12 13:5:45,Normal,normal,Normal,Normal,normal,normal,80,Normal traffic between 192.168.1.180 and 172.16.0.48.,['No action required. Continue monitoring.']
133,192.168.1.227,172.16.0.26,38480,21,201,2026-03-22 1:25:46,Attack,neptune,DoS,Attack,neptune,neptune,75,NEPTUNE attack detected from 192.168.1.227 targeting 172.16.0.26.,"['Block source IP 192.168.1.227', 'Restrict port 21', 'Enable rate limiting', 'Configure firewall traffic filtering', 'Activate DDoS protection', 'Monitor network traffic spikes']"
134,192.168.1.229,172.16.0.141,23468,22,235,2026-03-17 15:2:0,Attack,neptune,DoS,Attack,neptune,neptune,38,NEPTUNE attack detected from 192.168.1.229 targeting 172.16.0.141.,"['Block source IP 192.168.1.229', 'Restrict port 22', 'Enable rate limiting', 'Configure firewall traffic filtering', 'Activate DDoS protection', 'Monitor network traffic spikes']"
135,192.168.1.137,172.16.0.65,61749,53,36,2026-03-26 6:39:46,Normal,normal,Normal,Normal,normal,normal,90,Normal traffic between 192.168.1.137 and 172.16.0.65.,['No action required. Continue monitoring.']
136,192.168.1.146,172.16.0.166,49427,80,110,2026-03-23 1:50:4,Attack,smurf,DoS,Attack,smurf,smurf,73,SMURF attack detected from 192.168.1.146 targeting 172.16.0.166.,"['Block source IP 192.168.1.146', 'Restrict port 80', 'Disable ICMP broadcast', 'Enable anti-spoofing protection', 'Configure router filtering rules', 'Drop malformed ICMP packets']"
137,192.168.1.178,172.16.0.6,15156,123,90,2026-03-6 22:13:16,Normal,normal,Normal,Normal,normal,normal,68,Normal traffic between 192.168.1.178 and 172.16.0.6.,['No action required. Continue monitoring.']
138,192.168.1.175,172.16.0.34,61556,21,148,2026-03-25 20:18:27,Attack,smurf,DoS,Attack,smurf,smurf,54,SMURF attack detected from 192.168.1.175 targeting 172.16.0.34.,"['Block source IP 192.168.1.175', 'Restrict port 21', 'Disable ICMP broadcast', 'Enable anti-spoofing protection', 'Configure router filtering rules', 'Drop malformed ICMP packets']"
139,192.168.1.25,172.16.0.17,15357,21,151,2026-03-16 7:33:9,Attack,neptune,DoS,Attack,neptune,neptune,76,NEPTUNE attack detected from 192.168.1.25 targeting 172.16.0.17.,"['Block source IP 192.168.1.25', 'Restrict port 21', 'Enable rate limiting', 'Configure firewall traffic filtering', 'Activate DDoS protection', 'Monitor network traffic spikes']"
140,192.168.1.236,172.16.0.220,1959,21,80,2026-03-2 1:44:8,Attack,smurf,DoS,Attack,smurf,smurf,76,SMURF attack detected from 192.168.1.236 targeting 172.16.0.220.,"['Block source IP 192.168.1.236', 'Restrict port 21', 'Disable ICMP broadcast', 'Enable anti-spoofing protection', 'Configure router filtering rules', 'Drop malformed ICMP packets']"
141,192.168.1.125,172.16.0.192,61354,123,208,2026-03-17 3:36:28,Attack,smurf,DoS,Attack,smurf,smurf,45,SMURF attack detected from 192.168.1.125 targeting 172.16.0.192.,"['Block source IP 192.168.1.125', 'Restrict port 123', 'Disable ICMP broadcast', 'Enable anti-spoofing protection', 'Configure router filtering rules', 'Drop malformed ICMP packets']"
142,192.168.1.25,172.16.0.120,51582,22,188,2026-03-5 8:56:42,Attack,smurf,DoS,Attack,smurf,smurf,75,SMURF attack detected from 192.168.1.25 targeting 172.16.0.120.,"['Block source IP 192.168.1.25', 'Restrict port 22', 'Disable ICMP broadcast', 'Enable anti-spoofing protection', 'Configure router filtering rules', 'Drop malformed ICMP packets']"
143,192.168.1.61,172.16.0.48,19597,53,66,2026-03-18 12:14:39,Attack,smurf,DoS,Attack,smurf,smurf,70,SMURF attack detected from 192.168.1.61 targeting 172.16.0.48.,"['Block source IP 192.168.1.61', 'Restrict port 53', 'Disable ICMP broadcast', 'Enable anti-spoofing protection', 'Configure router filtering rules', 'Drop malformed ICMP packets']"
144,192.168.1.65,172.16.0.126,34569,22,71,2026-03-10 20:35:38,Normal,normal,Normal,Normal,normal,normal,89,Normal traffic between 192.168.1.65 and 172.16.0.126.,['No action required. Continue monitoring.']
145,192.168.1.92,172.16.0.223,64316,123,140,2026-03-16 15:59:24,Attack,smurf,DoS,Attack,smurf,smurf,45,SMURF attack detected from 192.168.1.92 targeting 172.16.0.223.,"['Block source IP 192.168.1.92', 'Restrict port 123', 'Disable ICMP broadcast', 'Enable anti-spoofing protection', 'Configure router filtering rules', 'Drop malformed ICMP packets']"
146,192.168.1.74,172.16.0.89,20463,80,257,2026-03-28 17:13:11,Normal,normal,Normal,Normal,normal,normal,52,Normal traffic between 192.168.1.74 and 172.16.0.89.,['No action required. Continue monitoring.']
147,192.168.1.214,172.16.0.212,16402,80,25,2026-03-19 4:40:17,Normal,normal,Normal,Normal,normal,normal,51,Normal traffic between 192.168.1.214 and 172.16.0.212.,['No action required. Continue monitoring.']
148,192.168.1.28,172.16.0.157,5198,80,191,2026-03-14 16:24:54,Attack,smurf,DoS,Attack,smurf,smurf,52,SMURF attack detected from 192.168.1.28 targeting 172.16.0.157.,"['Block source IP 192.168.1.28', 'Restrict port 80', 'Disable ICMP broadcast', 'Enable anti-spoofing protection', 'Configure router filtering rules', 'Drop malformed ICMP packets']"
149,192.168.1.35,172.16.0.190,50857,22,176,2026-03-12 16:36:48,Attack,neptune,DoS,Attack,neptune,neptune,74,NEPTUNE attack detected from 192.168.1.35 targeting 172.16.0.190.,"['Block source IP 192.168.1.35', 'Restrict port 22', 'Enable rate limiting', 'Configure firewall traffic filtering', 'Activate DDoS protection', 'Monitor network traffic spikes']"
150,192.168.1.77,172.16.0.101,5157,80,90,2026-03-4 8:52:26,Attack,smurf,DoS,Attack,smurf,smurf,45,SMURF attack detected from 192.168.1.77 targeting 172.16.0.101.,"['Block source IP 192.168.1.77', 'Restrict port 80', 'Disable ICMP broadcast', 'Enable anti-spoofing protection', 'Configure router filtering rules', 'Drop malformed ICMP packets']"
151,192.168.1.94,172.16.0.249,61566,22,13,2026-03-17 14:44:49,Attack,smurf,DoS,Attack,smurf,smurf,50,SMURF attack detected from 192.168.1.94 targeting 172.16.0.249.,"['Block source IP 192.168.1.94', 'Restrict port 22', 'Disable ICMP broadcast', 'Enable anti-spoofing protection', 'Configure router filtering rules', 'Drop malformed ICMP packets']"
152,192.168.1.107,172.16.0.76,57260,80,80,2026-03-24 7:25:54,Attack,smurf,DoS,Attack,smurf,smurf,44,SMURF attack detected from 192.168.1.107 targeting 172.16.0.76.,"['Block source IP 192.168.1.107', 'Restrict port 80', 'Disable ICMP broadcast', 'Enable anti-spoofing protection', 'Configure router filtering rules', 'Drop malformed ICMP packets']"
153,192.168.1.242,172.16.0.48,22610,22,231,2026-03-13 4:56:53,Attack,smurf,DoS,Attack,smurf,smurf,42,SMURF attack detected from 192.168.1.242 targeting 172.16.0.48.,"['Block source IP 192.168.1.242', 'Restrict port 22', 'Disable ICMP broadcast', 'Enable anti-spoofing protection', 'Configure router filtering rules', 'Drop malformed ICMP packets']"
154,192.168.1.140,172.16.0.190,37210,80,176,2026-03-19 20:32:9,Normal,normal,Normal,Normal,normal,normal,67,Normal traffic between 192.168.1.140 and 172.16.0.190.,['No action required. Continue monitoring.']
155,192.168.1.104,172.16.0.122,10936,123,53,2026-03-25 15:13:47,Normal,normal,Normal,Normal,normal,normal,76,Normal traffic between 192.168.1.104 and 172.16.0.122.,['No action required. Continue monitoring.']
156,192.168.1.99,172.16.0.53,52014,21,76,2026-03-10 6:16:22,Attack,neptune,DoS,Attack,neptune,neptune,40,NEPTUNE attack detected from 192.168.1.99 targeting 172.16.0.53.,"['Block source IP 192.168.1.99', 'Restrict port 21', 'Enable rate limiting', 'Configure firewall traffic filtering', 'Activate DDoS protection', 'Monitor network traffic spikes']"
157,192.168.1.4,172.16.0.215,6614,80,297,2026-03-16 9:10:33,Attack,smurf,DoS,Attack,smurf,smurf,55,SMURF attack detected from 192.168.1.4 targeting 172.16.0.215.,"['Block source IP 192.168.1.4', 'Restrict port 80', 'Disable ICMP broadcast', 'Enable anti-spoofing protection', 'Configure router filtering rules', 'Drop malformed ICMP packets']"
158,192.168.1.94,172.16.0.193,39095,53,74,2026-03-13 7:13:19,Attack,smurf,DoS,Attack,smurf,smurf,75,SMURF attack detected from 192.168.1.94 targeting 172.16.0.193.,"['Block source IP 192.168.1.94', 'Restrict port 53', 'Disable ICMP broadcast', 'Enable anti-spoofing protection', 'Configure router filtering rules', 'Drop malformed ICMP packets']"
159,192.168.1.107,172.16.0.113,29417,21,216,2026-03-24 2:11:27,Normal,normal,Normal,Normal,normal,normal,52,Normal traffic between 192.168.1.107 and 172.16.0.113.,['No action required. Continue monitoring.']
160,192.168.1.13,172.16.0.182,7828,80,183,2026-03-1 19:12:43,Attack,smurf,DoS,Attack,smurf,smurf,45,SMURF attack detected from 192.168.1.13 targeting 172.16.0.182.,"['Block source IP 192.168.1.13', 'Restrict port 80', 'Disable ICMP broadcast', 'Enable anti-spoofing protection', 'Configure router filtering rules', 'Drop malformed ICMP packets']"
161,192.168.1.127,172.16.0.207,35105,22,292,2026-03-13 12:9:28,Attack,smurf,DoS,Attack,smurf,smurf,71,SMURF attack detected from 192.168.1.127 targeting 172.16.0.207.,"['Block source IP 192.168.1.127', 'Restrict port 22', 'Disable ICMP broadcast', 'Enable anti-spoofing protection', 'Configure router filtering rules', 'Drop malformed ICMP packets']"
162,192.168.1.159,172.16.0.71,47364,21,300,2026-03-6 17:2:12,Attack,smurf,DoS,Attack,smurf,smurf,54,SMURF attack detected from 192.168.1.159 targeting 172.16.0.71.,"['Block source IP 192.168.1.159', 'Restrict port 21', 'Disable ICMP broadcast', 'Enable anti-spoofing protection', 'Configure router filtering rules', 'Drop malformed ICMP packets']"
163,192.168.1.135,172.16.0.60,3406,123,18,2026-03-5 0:12:25,Attack,smurf,DoS,Attack,smurf,smurf,55,SMURF attack detected from 192.168.1.135 targeting 172.16.0.60.,"['Block source IP 192.168.1.135', 'Restrict port 123', 'Disable ICMP broadcast', 'Enable anti-spoofing protection', 'Configure router filtering rules', 'Drop malformed ICMP packets']"
164,192.168.1.119,172.16.0.168,60321,80,259,2026-03-5 18:43:11,Attack,smurf,DoS,Attack,smurf,smurf,67,SMURF attack detected from 192.168.1.119 targeting 172.16.0.168.,"['Block source IP 192.168.1.119', 'Restrict port 80', 'Disable ICMP broadcast', 'Enable anti-spoofing protection', 'Configure router filtering rules', 'Drop malformed ICMP packets']"
165,192.168.1.168,172.16.0.8,29515,80,134,2026-03-26 14:12:16,Attack,neptune,DoS,Attack,neptune,neptune,40,NEPTUNE attack detected from 192.168.1.168 targeting 172.16.0.8.,"['Block source IP 192.168.1.168', 'Restrict port 80', 'Enable rate limiting', 'Configure firewall traffic filtering', 'Activate DDoS protection', 'Monitor network traffic spikes']"
166,192.168.1.231,172.16.0.156,61340,80,143,2026-03-5 12:22:4,Attack,guess_passwd,R2L,Attack,guess_passwd,guess_passwd,41,GUESS_PASSWD attack detected from 192.168.1.231 targeting 172.16.0.156.,"['Block source IP 192.168.1.231', 'Restrict port 80', 'Enable account lockout policy', 'Enforce strong password rules', 'Enable multi-factor authentication', 'Monitor failed login attempts']"
167,192.168.1.77,172.16.0.63,47895,22,176,2026-03-5 16:47:4,Attack,smurf,DoS,Attack,smurf,smurf,75,SMURF attack detected from 192.168.1.77 targeting 172.16.0.63.,"['Block source IP 192.168.1.77', 'Restrict port 22', 'Disable ICMP broadcast', 'Enable anti-spoofing protection', 'Configure router filtering rules', 'Drop malformed ICMP packets']"
168,192.168.1.207,172.16.0.171,41978,80,78,2026-03-4 8:41:10,Attack,neptune,DoS,Attack,neptune,neptune,76,NEPTUNE attack detected from 192.168.1.207 targeting 172.16.0.171.,"['Block source IP 192.168.1.207', 'Restrict port 80', 'Enable rate limiting', 'Configure firewall traffic filtering', 'Activate DDoS protection', 'Monitor network traffic spikes']"
169,192.168.1.32,172.16.0.132,24822,123,154,2026-03-19 14:5:47,Attack,smurf,DoS,Attack,smurf,smurf,53,SMURF attack detected from 192.168.1.32 targeting 172.16.0.132.,"['Block source IP 192.168.1.32', 'Restrict port 123', 'Disable ICMP broadcast', 'Enable anti-spoofing protection', 'Configure router filtering rules', 'Drop malformed ICMP packets']"
170,192.168.1.20,172.16.0.48,4774,21,217,2026-03-1 4:8:55,Attack,neptune,DoS,Attack,neptune,neptune,77,NEPTUNE attack detected from 192.168.1.20 targeting 172.16.0.48.,"['Block source IP 192.168.1.20', 'Restrict port 21', 'Enable rate limiting', 'Configure firewall traffic filtering', 'Activate DDoS protection', 'Monitor network traffic spikes']"
171,192.168.1.74,172.16.0.95,4273,123,75,2026-03-6 12:31:13,Normal,normal,Normal,Normal,normal,normal,53,Normal traffic between 192.168.1.74 and 172.16.0.95.,['No action required. Continue monitoring.']
172,192.168.1.150,172.16.0.117,46883,123,58,2026-03-21 9:26:21,Attack,smurf,DoS,Attack,smurf,smurf,44,SMURF attack detected from 192.168.1.150 targeting 172.16.0.117.,"['Block source IP 192.168.1.150', 'Restrict port 123', 'Disable ICMP broadcast', 'Enable anti-spoofing protection', 'Configure router filtering rules', 'Drop malformed ICMP packets']"
173,192.168.1.191,172.16.0.56,60574,123,292,2026-03-3 14:46:7,Normal,normal,Normal,Normal,normal,normal,72,Normal traffic between 192.168.1.191 and 172.16.0.56.,['No action required. Continue monitoring.']
174,192.168.1.110,172.16.0.40,4239,21,189,2026-03-7 5:35:17,Attack,neptune,DoS,Attack,neptune,neptune,76,NEPTUNE attack detected from 192.168.1.110 targeting 172.16.0.40.,"['Block source IP 192.168.1.110', 'Restrict port 21', 'Enable rate limiting', 'Configure firewall traffic filtering', 'Activate DDoS protection', 'Monitor network traffic spikes']"
175,192.168.1.137,172.16.0.230,57465,22,261,2026-03-4 19:19:38,Attack,smurf,DoS,Attack,smurf,smurf,53,SMURF attack detected from 192.168.1.137 targeting 172.16.0.230.,"['Block source IP 192.168.1.137', 'Restrict port 22', 'Disable ICMP broadcast', 'Enable anti-spoofing protection', 'Configure router filtering rules', 'Drop malformed ICMP packets']"
176,192.168.1.105,172.16.0.157,19664,53,102,2026-03-20 18:31:11,Attack,smurf,DoS,Attack,smurf,smurf,45,SMURF attack detected from 192.168.1.105 targeting 172.16.0.157.,"['Block source IP 192.168.1.105', 'Restrict port 53', 'Disable ICMP broadcast', 'Enable anti-spoofing protection', 'Configure router filtering rules', 'Drop malformed ICMP packets']"
177,192.168.1.179,172.16.0.100,28418,21,206,2026-03-6 20:5:41,Attack,smurf,DoS,Attack,smurf,smurf,76,SMURF attack detected from 192.168.1.179 targeting 172.16.0.100.,"['Block source IP 192.168.1.179', 'Restrict port 21', 'Disable ICMP broadcast', 'Enable anti-spoofing protection', 'Configure router filtering rules', 'Drop malformed ICMP packets']"
178,192.168.1.204,172.16.0.2,43366,53,236,2026-03-12 4:35:22,Normal,normal,Normal,Normal,normal,normal,66,Normal traffic between 192.168.1.204 and 172.16.0.2.,['No action required. Continue monitoring.']
179,192.168.1.198,172.16.0.72,44276,80,55,2026-03-17 5:47:54,Attack,smurf,DoS,Attack,smurf,smurf,74,SMURF attack detected from 192.168.1.198 targeting 172.16.0.72.,"['Block source IP 192.168.1.198', 'Restrict port 80', 'Disable ICMP broadcast', 'Enable anti-spoofing protection', 'Configure router filtering rules', 'Drop malformed ICMP packets']"
180,192.168.1.211,172.16.0.223,59908,21,219,2026-03-2 11:27:30,Attack,smurf,DoS,Attack,smurf,smurf,75,SMURF attack detected from 192.168.1.211 targeting 172.16.0.223.,"['Block source IP 192.168.1.211', 'Restrict port 21', 'Disable ICMP broadcast', 'Enable anti-spoofing protection', 'Configure router filtering rules', 'Drop malformed ICMP packets']"
181,192.168.1.23,172.16.0.173,29665,21,39,2026-03-27 19:39:32,Normal,normal,Normal,Normal,normal,normal,51,Normal traffic between 192.168.1.23 and 172.16.0.173.,['No action required. Continue monitoring.']
182,192.168.1.169,172.16.0.164,47235,80,102,2026-03-14 21:7:33,Attack,neptune,DoS,Attack,neptune,neptune,44,NEPTUNE attack detected from 192.168.1.169 targeting 172.16.0.164.,"['Block source IP 192.168.1.169', 'Restrict port 80', 'Enable rate limiting', 'Configure firewall traffic filtering', 'Activate DDoS protection', 'Monitor network traffic spikes']"
183,192.168.1.7,172.16.0.252,25681,21,220,2026-03-27 5:47:13,Attack,smurf,DoS,Attack,smurf,smurf,55,SMURF attack detected from 192.168.1.7 targeting 172.16.0.252.,"['Block source IP 192.168.1.7', 'Restrict port 21', 'Disable ICMP broadcast', 'Enable anti-spoofing protection', 'Configure router filtering rules', 'Drop malformed ICMP packets']"
184,192.168.1.192,172.16.0.237,52997,21,27,2026-03-26 2:21:30,Attack,smurf,DoS,Attack,smurf,smurf,69,SMURF attack detected from 192.168.1.192 targeting 172.16.0.237.,"['Block source IP 192.168.1.192', 'Restrict port 21', 'Disable ICMP broadcast', 'Enable anti-spoofing protection', 'Configure router filtering rules', 'Drop malformed ICMP packets']"
185,192.168.1.144,172.16.0.28,21476,80,111,2026-03-27 7:15:31,Attack,smurf,DoS,Attack,smurf,smurf,40,SMURF attack detected from 192.168.1.144 targeting 172.16.0.28.,"['Block source IP 192.168.1.144', 'Restrict port 80', 'Disable ICMP broadcast', 'Enable anti-spoofing protection', 'Configure router filtering rules', 'Drop malformed ICMP packets']"
186,192.168.1.82,172.16.0.193,31644,21,7,2026-03-26 3:18:25,Attack,smurf,DoS,Attack,smurf,smurf,76,SMURF attack detected from 192.168.1.82 targeting 172.16.0.193.,"['Block source IP 192.168.1.82', 'Restrict port 21', 'Disable ICMP broadcast', 'Enable anti-spoofing protection', 'Configure router filtering rules', 'Drop malformed ICMP packets']"
187,192.168.1.18,172.16.0.229,7507,53,12,2026-03-22 8:14:26,Attack,neptune,DoS,Attack,neptune,neptune,75,NEPTUNE attack detected from 192.168.1.18 targeting 172.16.0.229.,"['Block source IP 192.168.1.18', 'Restrict port 53', 'Enable rate limiting', 'Configure firewall traffic filtering', 'Activate DDoS protection', 'Monitor network traffic spikes']"
188,192.168.1.131,172.16.0.203,4331,22,127,2026-03-13 11:51:45,Attack,smurf,DoS,Attack,smurf,smurf,76,SMURF attack detected from 192.168.1.131 targeting 172.16.0.203.,"['Block source IP 192.168.1.131', 'Restrict port 22', 'Disable ICMP broadcast', 'Enable anti-spoofing protection', 'Configure router filtering rules', 'Drop malformed ICMP packets']"
189,192.168.1.226,172.16.0.173,12609,53,40,2026-03-4 16:53:21,Attack,neptune,DoS,Attack,neptune,neptune,40,NEPTUNE attack detected from 192.168.1.226 targeting 172.16.0.173.,"['Block source IP 192.168.1.226', 'Restrict port 53', 'Enable rate limiting', 'Configure firewall traffic filtering', 'Activate DDoS protection', 'Monitor network traffic spikes']"
190,192.168.1.83,172.16.0.90,57593,53,84,2026-03-19 13:13:40,Attack,neptune,DoS,Attack,neptune,neptune,75,NEPTUNE attack detected from 192.168.1.83 targeting 172.16.0.90.,"['Block source IP 192.168.1.83', 'Restrict port 53', 'Enable rate limiting', 'Configure firewall traffic filtering', 'Activate DDoS protection', 'Monitor network traffic spikes']"
191,192.168.1.49,172.16.0.26,19961,123,74,2026-03-28 18:57:35,Attack,smurf,DoS,Attack,smurf,smurf,76,SMURF attack detected from 192.168.1.49 targeting 172.16.0.26.,"['Block source IP 192.168.1.49', 'Restrict port 123', 'Disable ICMP broadcast', 'Enable anti-spoofing protection', 'Configure router filtering rules', 'Drop malformed ICMP packets']"
192,192.168.1.41,172.16.0.116,54054,123,148,2026-03-22 7:56:52,Attack,smurf,DoS,Attack,smurf,smurf,75,SMURF attack detected from 192.168.1.41 targeting 172.16.0.116.,"['Block source IP 192.168.1.41', 'Restrict port 123', 'Disable ICMP broadcast', 'Enable anti-spoofing protection', 'Configure router filtering rules', 'Drop malformed ICMP packets']"
193,192.168.1.196,172.16.0.106,6762,22,286,2026-03-10 13:15:2,Normal,normal,Normal,Normal,normal,normal,53,Normal traffic between 192.168.1.196 and 172.16.0.106.,['No action required. Continue monitoring.']
194,192.168.1.206,172.16.0.97,10926,123,61,2026-03-18 15:51:43,Attack,smurf,DoS,Attack,smurf,smurf,45,SMURF attack detected from 192.168.1.206 targeting 172.16.0.97.,"['Block source IP 192.168.1.206', 'Restrict port 123', 'Disable ICMP broadcast', 'Enable anti-spoofing protection', 'Configure router filtering rules', 'Drop malformed ICMP packets']"
195,192.168.1.193,172.16.0.134,35147,22,16,2026-03-19 9:3:55,Attack,smurf,DoS,Attack,smurf,smurf,45,SMURF attack detected from 192.168.1.193 targeting 172.16.0.134.,"['Block source IP 192.168.1.193', 'Restrict port 22', 'Disable ICMP broadcast', 'Enable anti-spoofing protection', 'Configure router filtering rules', 'Drop malformed ICMP packets']"
196,192.168.1.144,172.16.0.28,42012,123,180,2026-03-26 23:35:6,Attack,smurf,DoS,Attack,smurf,smurf,76,SMURF attack detected from 192.168.1.144 targeting 172.16.0.28.,"['Block source IP 192.168.1.144', 'Restrict port 123', 'Disable ICMP broadcast', 'Enable anti-spoofing protection', 'Configure router filtering rules', 'Drop malformed ICMP packets']"
197,192.168.1.96,172.16.0.240,34257,22,76,2026-03-16 23:24:55,Normal,normal,Normal,Normal,normal,normal,54,Normal traffic between 192.168.1.96 and 172.16.0.240.,['No action required. Continue monitoring.']
198,192.168.1.19,172.16.0.137,1156,123,85,2026-03-17 20:28:26,Attack,neptune,DoS,Attack,neptune,neptune,75,NEPTUNE attack detected from 192.168.1.19 targeting 172.16.0.137.,"['Block source IP 192.168.1.19', 'Restrict port 123', 'Enable rate limiting', 'Configure firewall traffic filtering', 'Activate DDoS protection', 'Monitor network traffic spikes']"
199,192.168.1.72,172.16.0.185,1422,53,258,2026-03-3 13:14:2,Attack,smurf,DoS,Attack,smurf,smurf,75,SMURF attack detected from 192.168.1.72 targeting 172.16.0.185.,"['Block source IP 192.168.1.72', 'Restrict port 53', 'Disable ICMP broadcast', 'Enable anti-spoofing protection', 'Configure router filtering rules', 'Drop malformed ICMP packets']"
200,192.168.1.201,172.16.0.83,22353,53,77,2026-03-13 12:21:46,Attack,smurf,DoS,Attack,smurf,smurf,77,SMURF attack detected from 192.168.1.201 targeting 172.16.0.83.,"['Block source IP 192.168.1.201', 'Restrict port 53', 'Disable ICMP broadcast', 'Enable anti-spoofing protection', 'Configure router filtering rules', 'Drop malformed ICMP packets']"
